{"BD112BZ": [53.758755, -1.689026], "WA119TY": [53.476785, -2.666254], "AB123LG": [-2.083986, 57.114117], "AB123TW": [-2.093754, 57.111675], "AL109SL": [-0.250787, 51.774784], "AL71FS": [-0.189252, 51.807087], "B191DS": [-1.914613, 52.496464], "B67EU": [-1.892084, 52.515483], "B781BF": [-1.628288, 52.59374], "B782EX": [-1.656672, 52.583828], "BH177AG": [-1.99384, 50.73699], "BN236QH": [0.289589, 50.797013], "BS107UB": [-2.609528, 51.523144], "BS118DT": [-2.674451, 51.502663], "BS375YS": [-2.439565, 51.535529], "BT294JT": [-6.216259, 54.661554], "BT39JN": [-5.886727, 54.634678], "BT39PF": [-5.892002, 54.633], "BT635QD": [-6.424909, 54.443793], "CA30PP": [-2.959046, 54.923664], "CA64SE": [-2.969031, 54.924933], "CB13EZ": [0.14765, 52.208519], "CF313BG": [-3.567616, 51.501671], "CF729EW": [-3.399258, 51.527999], "CH52NW": [-3.010432, 53.233977], "CH52UA": [-3.021053, 53.235853], "CM241FE": [0.249702, 51.886914], "CM241QJ": [0.251567, 51.885888], "CR04GN": [-0.136194, 51.385287], "CV107SA": [-1.479137, 52.499008], "CV230XF": [-1.247785, 52.406666], "CV34PF": [-1.475271, 52.362665], "CV65RY": [-1.489549, 52.418978], "CV92RY": [-1.555594, 52.583978], "CW122PR": [-2.149105, 53.200711], "DA15BS": [0.219628, 51.451671], "DA26QP": [0.256381, 51.460555], "DD24UH": [-3.055255, 56.476193], "DE554QQ": [-1.368336, 53.085079], "DE742SE": [-1.357733, 52.838686], "DE742TG": [-1.325002, 52.827996], "DE742TR": [-1.348966, 52.826341], "DE742TZ": [-1.310711, 52.826009], "DG165JN": [-3.059719, 54.998388], "DG98RF": [-5.015201, 54.96566], "DG98RG": [-5.034797, 54.985049], "DH21AE": [-1.583421, 54.87262], "DL21NL": [-1.425762, 54.5165], "DL62PJ": [-1.445626, 54.348623], "DN147SE": [-0.882036, 53.736889], "DY117FL": [-2.269374, 52.361899], "DY117PT": [-2.266309, 52.362607], "EH114XX": [-3.302191, 55.926134], "EH120AL": [-3.350728, 55.951807], "EH129EB": [-3.300505, 55.930765], "EH129SB": [-3.332888, 55.935016], "EH530TN": [-3.489686, 55.875251], "EX28NY": [-3.527657, 50.708784], "EX28RL": [-3.52752, 50.705881], "EX51EW": [-3.390899, 50.699308], "G328NB": [-4.172123, 55.827215], "G689HE": [-4.043144, 55.92998], "G698GD": [-4.070016, 55.88984], "GL103EZ": [-2.284527, 51.797309], "GL22AD": [-2.279408, 51.81331], "HG45NB": [-1.480657, 54.174179], "IP39SL": [1.214016, 52.030351], "LE103BQ": [-1.390329, 52.52702], "LE103FF": [-1.349446, 52.513946], "LL651DQ": [-4.631239, 53.307632], "LN106YQ": [-0.171287, 53.166112], "LN24JB": [-0.512935, 53.23885], "LS101RZ": [-1.508309, 53.772844], "LS150BF": [-1.480306, 53.78583], "LS277JU": [-1.629053, 53.752236], "LS286QP": [-1.66243, 53.803773]}